Workbook

Sheet Dataset
A1: id | B1: question | C1: groundTruth_orgNeutral | D1: groundTruth | E1: category | F1: pdpa_sections | G1: question_type | H1: primary_scope | I1: answer_word_count | J1: quality_flags
A2: PDPA-001 | B2: What is PDPA? | C2: PDPA (Personal Data Protection Act, B.E. 2562 (2019)) is the Personal Data Protection Act B.E. 2562, which was announced in the Government Gazette on May 27, 2019. June 1, 2022 is the date that this Act comes into force in accordance with the law. | D2: PDPA (Personal Data Protection Act, B.E. 2562 (2019)) is the Personal Data Protection Act B.E. 2562, which was announced in the Government Gazette on May 27, 2019. June 1, 2022 is the date that this Act comes into force in accordance with the law. | E2: Definitions & Scope | F2: Section 1; Section 2 | G2: definition | H2: Sec 1–29 | I2: 44 | J2: effective-date phrasing imprecise
A3: PDPA-002 | B3: What is personal data? | C3: Information about an individual that enables the identification of that individual, either directly or indirectly, whereby information about the deceased and information about a legal entity are not considered personal data under this PDPA. Personal data includes first and last name, national ID number, address, telephone number, date of birth, email, education, gender, occupation, photograph, financial information. It also includes sensitive personal data, such as medical or health information, genetic and biometric information, race, political opinions, religious or philosophical beliefs, sexual behavior, criminal history, trade union information, etc. | D3: Information about an individual that enables the identification of that individual, either directly or indirectly, whereby information about the deceased and information about a legal entity are not considered personal data under this PDPA. Personal data includes first and last name, national ID number, address, telephone number, date of birth, email, education, gender, occupation, photograph, financial information. It also includes sensitive personal data, such as medical or health information, genetic and biometric information, race, political opinions, religious or philosophical beliefs, sexual behavior, criminal history, trade union information, etc. | E3: Definitions & Scope | F3: Section 6; Section 26 | G3: definition | H3: Sec 1–29 | I3: 88
A4: PDPA-003 | B4: What is a personal data protection policy? | C4: A personal data protection policy is a policy that the State Railway of Thailand sets out its practices regarding the collection, use, or disclosure of personal data. It is usually published in a document on the website to inform the staff of the State Railway of Thailand. The details in the Data Protection Policy must at least include: - Process for collecting, using, or disclosing personal data - Personal data protection officer - Process for disclosing, sending, or transferring personal data to individuals or juristic persons - Process for the rights of personal data owners - Process for maintaining the security of personal data - Roles, duties, and responsibilities | D4: A personal data protection policy is a policy that the organization sets out its practices regarding the collection, use, or disclosure of personal data. It is usually published in a document on the website to inform the staff of the organization. The details in the Data Protection Policy must at least include: - Process for collecting, using, or disclosing personal data - Personal data protection officer - Process for disclosing, sending, or transferring personal data to individuals or juristic persons - Process for the rights of personal data owners - Process for maintaining the security of personal data - Roles, duties, and responsibilities | E4: Compliance Documents | F4: Section 29 | G4: definition | H4: Sec 1–29 | I4: 109 | J4: org-specific reference
A5: PDPA-004 | B5: What is a privacy statement? | C5: Privacy Notice is an announcement that the State Railway of Thailand sets out the details of the practices regarding the collection, use or disclosure of personal data for data subjects. Most of them are published in the form of a document on the website to inform users. The details in the Privacy Notice must include at least: - What personal data is collected? - How is the personal data collected? - What are the steps involved in collecting personal data? - The purpose of the data processing. - Details of the disclosure of personal data, such as who the personal data is disclosed to. - Rights of the personal data owner - Contact information for the personal data controller and the personal data protection officer/representative. | D5: Privacy Notice is an announcement that the organization sets out the details of the practices regarding the collection, use or disclosure of personal data for data subjects. Most of them are published in the form of a document on the website to inform users. The details in the Privacy Notice must include at least: - What personal data is collected? - How is the personal data collected? - What are the steps involved in collecting personal data? - The purpose of the data processing. - Details of the disclosure of personal data, such as who the personal data is disclosed to. - Rights of the personal data owner - Contact information for the personal data controller and the personal data protection officer/representative. | E5: Compliance Documents | F5: Section 23 | G5: definition | H5: Sec 1–29 | I5: 125 | J5: org-specific reference
A6: PDPA-005 | B6: What if there is no Data Protection Policy? | C6: According to the PDPA, if a business collects or processes personal data, that business must prepare a Privacy Policy, otherwise it may be guilty under the PDPA, which will result in the following penalties: - Civil penalties: Pay compensation not exceeding twice the actual compensation - Criminal penalties: Imprisonment not exceeding 1 year or a fine not exceeding 1 million baht, or both - Administrative penalties: Fine not exceeding 5 million baht | D6: According to the PDPA, if a business collects or processes personal data, that business must prepare a Privacy Policy, otherwise it may be guilty under the PDPA, which will result in the following penalties: - Civil penalties: Pay compensation not exceeding twice the actual compensation - Criminal penalties: Imprisonment not exceeding 1 year or a fine not exceeding 1 million baht, or both - Administrative penalties: Fine not exceeding 5 million baht | E6: Compliance Documents | F6: Section 77; Section 79; Section 83 | G6: explanatory | H6: Beyond Ch I–II | I6: 72 | J6: penalties lie in Ch VI–VII (beyond Ch I–II)
A7: PDPA-006 | B7: Who are the individuals involved in personal data? | C7: - Data Subject means the person to whom the data refers. - Data Controller means the person or legal entity that has the authority to “decide” regarding the collection, use or disclosure of personal data. - Data Processor means the person or legal entity that takes action regarding the collection, use or disclosure of personal data “at the direction or on behalf of the Data Controller”. However, the person or legal entity taking such action must not be a Data Controller. | D7: - Data Subject means the person to whom the data refers. - Data Controller means the person or legal entity that has the authority to “decide” regarding the collection, use or disclosure of personal data. - Data Processor means the person or legal entity that takes action regarding the collection, use or disclosure of personal data “at the direction or on behalf of the Data Controller”. However, the person or legal entity taking such action must not be a Data Controller. | E7: Roles & Actors | F7: Section 6 | G7: definition | H7: Sec 1–29 | I7: 81
A8: PDPA-007 | B8: Who are the personal data controllers and personal data processors? | C8: a personal data controller, which is a person or juristic person who has the authority to make decisions regarding the collection, use or disclosure of personal data. Data processor means a person or juristic person who performs the collection, use or disclosure of personal data as ordered by or on behalf of the personal data controller. However, such person or juristic person who performs such actions is not a personal data controller. SRT's data processor includes contractors who perform various operations for SRT, such as ticket sales service contractors, etc. | D8: a personal data controller, which is a person or juristic person who has the authority to make decisions regarding the collection, use or disclosure of personal data. Data processor means a person or juristic person who performs the collection, use or disclosure of personal data as ordered by or on behalf of the personal data controller. However, such person or juristic person who performs such actions is not a personal data controller. the organization's data processor includes contractors who perform various operations for the organization, such as ticket sales service contractors, etc. | E8: Roles & Actors | F8: Section 6 | G8: definition | H8: Sec 1–29 | I8: 90 | J8: org-specific reference
A9: PDPA-008 | B9: In what cases can personal data be collected, used or disclosed? | C9: Obtain consent from the owner of personal data (Consent basis) - Prepare historical documents or archives for public interest, conduct studies, research or compile statistics (Scientific or Research basis) - Prevent or suppress dangers to life, body or health of individuals (Vital Interest basis) - Necessary to comply with the law (Legal Obligation basis) - Necessary to comply with a contract (Contract basis) - Necessary for the legitimate interests of the personal data controller or another person (Legitimate Interest basis) - Necessary for the public interest and the exercise of state power (Public Task basis) | D9: Obtain consent from the owner of personal data (Consent basis) - Prepare historical documents or archives for public interest, conduct studies, research or compile statistics (Scientific or Research basis) - Prevent or suppress dangers to life, body or health of individuals (Vital Interest basis) - Necessary to comply with the law (Legal Obligation basis) - Necessary to comply with a contract (Contract basis) - Necessary for the legitimate interests of the personal data controller or another person (Legitimate Interest basis) - Necessary for the public interest and the exercise of state power (Public Task basis) | E9: Lawful Basis | F9: Section 24; Section 19; Section 27 | G9: list | H9: Sec 1–29 | I9: 95
A10: PDPA-009 | B10: What are the conditions for sending or transferring personal data abroad (Cross-border Personal Data Transfer)? | C10: Destination countries or international organizations receiving personal data must have adequate standards of personal data protection, unless the data subject has obtained consent, is required by law/contract, or is in the public interest. | D10: Destination countries or international organizations receiving personal data must have adequate standards of personal data protection, unless the data subject has obtained consent, is required by law/contract, or is in the public interest. | E10: Cross-border Transfer | F10: Section 28; Section 29 | G10: explanatory | H10: Sec 1–29 | I10: 33
A11: PDPA-010 | B11: What are the conditions of consent? | C11: Consent for data protection purposes must be obtained in the following ways: - Consent must be obtained prior to the processing taking place. - Consent must always be voluntary and of the choice of the data subject. - The purposes of the processing must be specific. - Consent must be explicit. - Consent must be separate from conditions and obligations. - Provide options to refuse to give consent or to withdraw consent without undue consequences. - Consent content must be understandable and easily accessible. | D11: Consent for data protection purposes must be obtained in the following ways: - Consent must be obtained prior to the processing taking place. - Consent must always be voluntary and of the choice of the data subject. - The purposes of the processing must be specific. - Consent must be explicit. - Consent must be separate from conditions and obligations. - Provide options to refuse to give consent or to withdraw consent without undue consequences. - Consent content must be understandable and easily accessible. | E11: Consent | F11: Section 19; Section 20; Section 21 | G11: list | H11: Sec 1–29 | I11: 84
A12: PDPA-011 | B12: What will happen after the Personal Data Protection Act (PDPA) officially comes into effect? | C12: Impact on data owners Data owners, meaning natural persons who own personal data that is processed, have more rights to control the processing of such data and have the right to claim if it the data becomes damage, with heavier penalties, as follows: - The right to request access, request a copy, request data transfer, object to and suspend data processing, request deletion or destruction of personal data, or the right to freely choose to provide or withdraw consent. - In the event of damage, legal, criminal and administrative lawsuits can be filed. Impact on the company, as the data controller, can still process personal data for the company's operations as usual, but must use caution and have a clearer framework to follow, as follows: - The processing of personal data must be limited to only what is necessary. - The data processing must have a purpose that has a legal basis as specified in the Act, such as performing duties under the law, performing duties under a contract, legitimate rights, and if the processing is based on consent, consent must be obtained first. - The data owner must be explained and informed of the details of the processing of personal data. - The data security must be guaranteed. | D12: Impact on data owners Data owners, meaning natural persons who own personal data that is processed, have more rights to control the processing of such data and have the right to claim if it the data becomes damage, with heavier penalties, as follows: - The right to request access, request a copy, request data transfer, object to and suspend data processing, request deletion or destruction of personal data, or the right to freely choose to provide or withdraw consent. - In the event of damage, legal, criminal and administrative lawsuits can be filed. Impact on the company, as the data controller, can still process personal data for the company's operations as usual, but must use caution and have a clearer framework to follow, as follows: - The processing of personal data must be limited to only what is necessary. - The data processing must have a purpose that has a legal basis as specified in the Act, such as performing duties under the law, performing duties under a contract, legitimate rights, and if the processing is based on consent, consent must be obtained first. - The data owner must be explained and informed of the details of the processing of personal data. - The data security must be guaranteed. | E12: Data Subject Rights | F12: Section 30–36; Section 37 | G12: explanatory | H12: Beyond Ch I–II | I12: 209 | J12: rights (Ch III) & security (S37) beyond Ch I–II
A13: PDPA-012 | B13: What must entrepreneurs prepare to support PDPA? | C13: 1. Study the law and understand the roles and responsibilities specified in the law in detail. 2. Establish the regulations and policies of the State Railway of Thailand for internal data collection, which must be reviewed and updated to be current at all times. 3. Identify the steps for data collection to be standardized, including having a form or support system for the State Railway of Thailand to request consent. 4. Establish regulations and criteria for the State Railway of Thailand for data collection, use, and disclosure in accordance with the law, as well as set measures to solve problems in the event of a violation of personal data or data leakage. 5. Establish a system that helps to store personal data safely and efficiently. 6. Provide training to personnel within the State Railway of Thailand about the importance of personal data so that they understand the principles and can apply them in their work in accordance with the law | D13: 1. Study the law and understand the roles and responsibilities specified in the law in detail. 2. Establish the regulations and policies of the organization for internal data collection, which must be reviewed and updated to be current at all times. 3. Identify the steps for data collection to be standardized, including having a form or support system for the organization to request consent. 4. Establish regulations and criteria for the organization for data collection, use, and disclosure in accordance with the law, as well as set measures to solve problems in the event of a violation of personal data or data leakage. 5. Establish a system that helps to store personal data safely and efficiently. 6. Provide training to personnel within the organization about the importance of personal data so that they understand the principles and can apply them in their work in accordance with the law | E13: Operational / Procedural | F13: Section 22; Section 23; Section 24; Section 37; Section 39 | G13: procedural | H13: Beyond Ch I–II | I13: 160 | J13: org-specific; cites S37/S39 beyond Ch I–II
A14: PDPA-013 | B14: Do government agencies and state enterprises have to comply with the PDPA? | C14: In principle, the PDPA applies to both the public and private sectors, including state enterprises. Therefore, state agencies and state enterprises must comply with the PDPA as well, but the duties of the agencies may differ depending on the type of agency and the activities in processing personal data. For example, in Case 1, agencies exempted under Section 4 are exempt from the enforcement of the PDPA, such as the operations of agencies responsible for maintaining national security, anti-money laundering, forensic science, cybersecurity, court proceedings and officials in court proceedings, the House of Representatives, the Senate and the Parliament, and other organizations, etc. However, they must provide for the maintenance of personal data security in accordance with the standards. In Case 2, state agencies or state enterprises that are not exempted under Section 4 in Case 1 must comply with the PDPA, such as ministries, departments, agencies that are juristic persons, or state enterprises, such as state enterprises that produce and distribute water or electricity. In appointing a DPO, a state agency, regardless of whether it is small or large, or whether it collects a large amount of personal data, must also appoint a DPO because the law does not specify the size or amount of collection, use or disclosure of personal data (except for the Protection Committee). (There will be an announcement specifying otherwise) Unlike the private sector that will look at whether there is a large amount of personal data processing or whether the main activity is the processing of sensitive personal data. Therefore, government agencies must prepare for the appointment of a DPO. However, government agencies or state enterprises that have missions for the public interest or use state power as specified by law or the law establishing them may refer to the Public Tasks base in the main activities or some activities, which may need to be considered on an organization or activity-by-activity basis of that organization or agency, but must still comply with the PDPA in other matters, just like private companies. | D14: In principle, the PDPA applies to both the public and private sectors, including state enterprises. Therefore, state agencies and state enterprises must comply with the PDPA as well, but the duties of the agencies may differ depending on the type of agency and the activities in processing personal data. For example, in Case 1, agencies exempted under Section 4 are exempt from the enforcement of the PDPA, such as the operations of agencies responsible for maintaining national security, anti-money laundering, forensic science, cybersecurity, court proceedings and officials in court proceedings, the House of Representatives, the Senate and the Parliament, and other organizations, etc. However, they must provide for the maintenance of personal data security in accordance with the standards. In Case 2, state agencies or state enterprises that are not exempted under Section 4 in Case 1 must comply with the PDPA, such as ministries, departments, agencies that are juristic persons, or state enterprises, such as state enterprises that produce and distribute water or electricity. In appointing a DPO, a state agency, regardless of whether it is small or large, or whether it collects a large amount of personal data, must also appoint a DPO because the law does not specify the size or amount of collection, use or disclosure of personal data (except for the Protection Committee). (There will be an announcement specifying otherwise) Unlike the private sector that will look at whether there is a large amount of personal data processing or whether the main activity is the processing of sensitive personal data. Therefore, government agencies must prepare for the appointment of a DPO. However, government agencies or state enterprises that have missions for the public interest or use state power as specified by law or the law establishing them may refer to the Public Tasks base in the main activities or some activities, which may need to be considered on an organization or activity-by-activity basis of that organization or agency, but must still comply with the PDPA in other matters, just like private companies. | E14: Scope & Exclusions | F14: Section 4; Section 5; Section 41 | G14: yes-no | H14: Beyond Ch I–II | I14: 337 | J14: DPO duty (S41) beyond Ch I–II
A15: PDPA-014 | B15: Is it necessary to complete the Personal Data Protection Policy and Privacy Notice before the PDPA comes into effect? | C15: It should be done as quickly as possible. | D15: It should be done as quickly as possible. | E15: Operational / Procedural | F15: Section 2 | G15: yes-no | H15: Sec 1–29 | I15: 8 | J15: terse
A16: PDPA-015 | B16: What is the difference between a Privacy Notice and a Data Protection Policy? | C16: Privacy Notice is a publicly available document that communicates personal information to individuals about individuals whose personal information the SRT collects. Personal Data Protection Policy is an internal document that sets out the processes and procedures the SRT has implemented to ensure compliance with the PDPA in the processing of personal information. | D16: Privacy Notice is a publicly available document that communicates personal information to individuals about individuals whose personal information the organization collects. Personal Data Protection Policy is an internal document that sets out the processes and procedures the organization has implemented to ensure compliance with the PDPA in the processing of personal information. | E16: Compliance Documents | F16: Section 23; Section 29 | G16: explanatory | H16: Sec 1–29 | I16: 52 | J16: org-specific reference
A17: PDPA-016 | B17: Does the document informing the data owner of the collection of personal data require the signature of the data owner? | C17: The document informing the data owner about the collection of personal data does not necessarily have to be the data owner's name. The SRT should consider the document informing the data owner about the collection of personal data in the data set in the initial process before collecting personal data. | D17: The document informing the data owner about the collection of personal data does not necessarily have to be the data owner's name. the organization should consider the document informing the data owner about the collection of personal data in the data set in the initial process before collecting personal data. | E17: Compliance Documents | F17: Section 23 | G17: yes-no | H17: Sec 1–29 | I17: 50 | J17: org-specific reference
A18: PDPA-017 | B18: In the case of an external organization/agency using the facilities of my company, who will be responsible for data management? | C18: This depends on the nature of the service being provided. If the service is managed and initiated by someone, that person is responsible for the personal data. However, if the service is managed in a joint management model, the main company and the joint manager will have joint responsibility as the personal data controller and a joint control agreement will be required. | D18: This depends on the nature of the service being provided. If the service is managed and initiated by someone, that person is responsible for the personal data. However, if the service is managed in a joint management model, the main company and the joint manager will have joint responsibility as the personal data controller and a joint control agreement will be required. | E18: Roles & Actors | F18: Section 6 | G18: scenario | H18: Sec 1–29 | I18: 62 | J18: joint-controller concept (not explicit in Ch I–II text)
A19: PDPA-018 | B19: How should the company manage data collection for events such as anniversaries or parties? | C19: If the company wants to collect retrospective data for various works such as photos, positions and outstanding achievements, they can collect such data based on legitimate interests. In promoting the company, they should store permanently stored data such as lists of former employees. The company should retain personal data only as necessary and in accordance with the specified data retention period. | D19: If the company wants to collect retrospective data for various works such as photos, positions and outstanding achievements, they can collect such data based on legitimate interests. In promoting the company, they should store permanently stored data such as lists of former employees. The company should retain personal data only as necessary and in accordance with the specified data retention period. | E19: Lawful Basis | F19: Section 24(5) | G19: scenario | H19: Sec 1–29 | I19: 61 | J19: org-specific reference
A20: PDPA-019 | B20: If the company wishes to collect photographs of its employees, must it be specified in the document informing the data owner of the collection of personal information (Privacy Notice)? | C20: Must be specified. | D20: Must be specified. | E20: Compliance Documents | F20: Section 23 | G20: yes-no | H20: Sec 1–29 | I20: 3 | J20: terse
A21: PDPA-020 | B21: Is it necessary to obtain consent for the use of employee photos? | C21: Obtaining consent for the use of employee photographs may be necessary in certain circumstances. If the use is for public display or distribution purposes, then consent should be sought from the employee and the frequency of use should be specified in the privacy policy. If the use of employee photographs is for identity verification purposes, consent is not required and SRT can claim legitimate interest. | D21: Obtaining consent for the use of employee photographs may be necessary in certain circumstances. If the use is for public display or distribution purposes, then consent should be sought from the employee and the frequency of use should be specified in the privacy policy. If the use of employee photographs is for identity verification purposes, consent is not required and the organization can claim legitimate interest. | E21: Consent | F21: Section 19; Section 24(5) | G21: yes-no | H21: Sec 1–29 | I21: 65 | J21: org-specific reference
A22: PDPA-021 | B22: Is employee and executive salary information considered sensitive personal data under the PDPA? | C22: Although such information is important personal financial information, it is only Personal Data and is therefore not Sensitive Personal Data as defined by the PDPA. | D22: Although such information is important personal financial information, it is only Personal Data and is therefore not Sensitive Personal Data as defined by the PDPA. | E22: Sensitive Data | F22: Section 6; Section 26 | G22: yes-no | H22: Sec 1–29 | I22: 25
A23: PDPA-022 | B23: Are a company's name, address, and commercial or financial information personal? | C23: No, because it is not personal information, it is not protected under the PDPA, but it may be protected under other laws, such as tort or trade secret laws. | D23: No, because it is not personal information, it is not protected under the PDPA, but it may be protected under other laws, such as tort or trade secret laws. | E23: Definitions & Scope | F23: Section 6 | G23: yes-no | H23: Sec 1–29 | I23: 29
A24: PDPA-023 | B24: The company requests a medical certificate to consider approving leave for employees, such as sick leave. The medical certificate will contain health information (Sensitive Personal Data). Is it necessary to request express consent from the employee first? | C24: If it is a sick leave of three days or more: The company can require the employee to present a medical certificate. Under the Labor Protection Act, the company may collect the medical certificate without the employee's consent because it may be considered a legitimate interest of the company and necessary to comply with the law in order to achieve the objectives related to labor protection. | D24: If it is a sick leave of three days or more: The company can require the employee to present a medical certificate. Under the Labor Protection Act, the company may collect the medical certificate without the employee's consent because it may be considered a legitimate interest of the company and necessary to comply with the law in order to achieve the objectives related to labor protection. | E24: Sensitive Data | F24: Section 26(3)(c) | G24: scenario | H24: Sec 1–29 | I24: 66 | J24: relies on Labor Protection Act (external)
A25: PDPA-024 | B25: Does consent always need to be obtained when collecting personal data? | C25: It is not necessary if the Company can invoke a legitimate legal basis for collecting and processing such personal data under Sections 24 and 26 of the Personal Data Protection Act B.E. 2562. However , the Company is required to inform the data owner of the collection of data and the purpose of collection. | D25: It is not necessary if the Company can invoke a legitimate legal basis for collecting and processing such personal data under Sections 24 and 26 of the Personal Data Protection Act B.E. 2562. However , the Company is required to inform the data owner of the collection of data and the purpose of collection. | E25: Consent | F25: Section 24; Section 26 | G25: yes-no | H25: Sec 1–29 | I25: 54
A26: PDPA-025 | B26: What are the document forms that should be prepared for operations in accordance with the Personal Data Protection Act 2019? | C26: Privacy Policy Privacy Policy (Privacy Notice) Consent Form Data Subject Rights Form Record of Processing Activity | D26: Privacy Policy Privacy Policy (Privacy Notice) Consent Form Data Subject Rights Form Record of Processing Activity | E26: Compliance Documents | F26: Section 19; Section 23; Section 39 | G26: list | H26: Beyond Ch I–II | I26: 16 | J26: cites S39 (records) beyond Ch I–II
A27: PDPA-026 | B27: Is it necessary to obtain consent from the occupants of the premises every time the installation of CCTV cameras for security purposes? | C27: If the CCTV camera used does not have identification technology, such as a facial recognition system, it is considered general information for which the owner of the premises can claim a legitimate interest under Section 24 (5), without the owner of the premises needing to ask for consent, but must inform those accessing the premises that CCTV is being used, by posting a notice clearly at the entrance to the premises, and the owner of the premises can use the information stored in the CCTV camera only for security purposes. However, in cases where the CCTV camera has facial recognition technology, which creates a model of a person's face for identification, such information is considered sensitive information and requires the owner's consent. | D27: If the CCTV camera used does not have identification technology, such as a facial recognition system, it is considered general information for which the owner of the premises can claim a legitimate interest under Section 24 (5), without the owner of the premises needing to ask for consent, but must inform those accessing the premises that CCTV is being used, by posting a notice clearly at the entrance to the premises, and the owner of the premises can use the information stored in the CCTV camera only for security purposes. However, in cases where the CCTV camera has facial recognition technology, which creates a model of a person's face for identification, such information is considered sensitive information and requires the owner's consent. | E27: Consent | F27: Section 24(5); Section 26 | G27: scenario | H27: Sec 1–29 | I27: 122
A28: PDPA-027 | B28: Is the information of a legal entity considered personal information? | C28: Legal entity information , such as a legal entity registration number, is not considered personal information because the Personal Data Protection Act B.E. 2562 only protects personal information of natural persons who have not yet died. | D28: Legal entity information , such as a legal entity registration number, is not considered personal information because the Personal Data Protection Act B.E. 2562 only protects personal information of natural persons who have not yet died. | E28: Definitions & Scope | F28: Section 6 | G28: yes-no | H28: Sec 1–29 | I28: 36
A29: PDPA-028 | B29: Are data about deceased persons or juristic persons considered personal data? | C29: No, they are not considered personal data under the law. | D29: No, they are not considered personal data under the law. | E29: Scope & Exclusions | F29: Section 6 | G29: yes-no | H29: Sec 1–29 | I29: 10
A30: PDPA-029 | B30: Which agency is responsible for personal data protection? | C30: The Office of the Personal Data Protection Committee (PDPC) under the Ministry of Digital Economy and Society. Contact: Tel. 02-142-1033 | Email: pdpc@mdes.go.th | D30: The Office of the Personal Data Protection Committee (PDPC) under the Ministry of Digital Economy and Society. Contact: Tel. 02-142-1033 | Email: pdpc@mdes.go.th | E30: Governance & Authority | F30: Section 8; Section 16 | G30: definition | H30: Sec 1–29 | I30: 23 | J30: contact details may change over time
A31: PDPA-030 | B31: When can personal data be used without consent? | C31: Based on legal consent Necessary for legitimate interests Necessary for public interest or exercising state authority Necessary for fulfilling a contract Required by law Preventing or suppressing danger to life, body, or health of a person | D31: Based on legal consent Necessary for legitimate interests Necessary for public interest or exercising state authority Necessary for fulfilling a contract Required by law Preventing or suppressing danger to life, body, or health of a person | E31: Lawful Basis | F31: Section 24; Section 27 | G31: list | H31: Sec 1–29 | I31: 36
A32: PDPA-031 | B32: Can a company force employees to sign consent to disclose data to outsiders? | C32: No. | D32: No. | E32: Consent | F32: Section 19 | G32: yes-no | H32: Sec 1–29 | I32: 1 | J32: terse
A33: PDPA-032 | B33: Why is government data governance important? | C33: To make digital government services more efficient and convenient for citizens. To promote open data. To support data integration. | D33: To make digital government services more efficient and convenient for citizens. To promote open data. To support data integration. | E33: Governance & Authority | G33: explanatory | H33: Out of PDPA scope | I33: 19 | J33: general policy framing, not grounded in PDPA text
A34: PDPA-033 | B34: Can one agency request personal data from another? | C34: Normally, data must be collected from the data subject directly, except when: - The subject has been informed and consented. - Data can be collected without consent in cases such as: - For historical/archival records or public interest research/statistics. - To prevent danger to life/health. - To perform contractual obligations. - To perform public duties or state authority. - For legitimate interests of the data controller. - To comply with the law. For sensitive data (race, political opinion, religion, sexual behavior, criminal records, health, disability, union membership, genetics, biometrics), collection without consent is allowed if: - To prevent danger to life/health. - For lawful activities with proper safeguards. - Data made public with explicit consent. - To establish legal claims. - Necessary to comply with law (e.g., preventive medicine, public health, labor protection, insurance, research, or important public interest). | D34: Normally, data must be collected from the data subject directly, except when: - The subject has been informed and consented. - Data can be collected without consent in cases such as: - For historical/archival records or public interest research/statistics. - To prevent danger to life/health. - To perform contractual obligations. - To perform public duties or state authority. - For legitimate interests of the data controller. - To comply with the law. For sensitive data (race, political opinion, religion, sexual behavior, criminal records, health, disability, union membership, genetics, biometrics), collection without consent is allowed if: - To prevent danger to life/health. - For lawful activities with proper safeguards. - Data made public with explicit consent. - To establish legal claims. - Necessary to comply with law (e.g., preventive medicine, public health, labor protection, insurance, research, or important public interest). | E34: Lawful Basis | F34: Section 25; Section 24; Section 26 | G34: list | H34: Sec 1–29 | I34: 139
A35: PDPA-034 | B35: How to request personal data from another agency? | C35: Submit a formal request letter citing PDPA Sections 24, 25, 26. | D35: Submit a formal request letter citing PDPA Sections 24, 25, 26. | E35: Operational / Procedural | F35: Section 25 | G35: procedural | H35: Sec 1–29 | I35: 11 | J35: terse / operational guidance
A36: PDPA-035 | B36: How to prepare personal data for public disclosure? | C36: - Anonymization: make it impossible to identify individuals. - Data minimization: reduce detail (e.g., keep only birth year instead of full DOB, postal code instead of full address). Relevant Laws - Digital Government Administration and Services Act B.E. 2562 (2019) - National ID Card Act (No. 3) B.E. 2554 (2011) - Personal Data Protection Act B.E. 2562 (2019) - Official Information Act B.E. 2540 (1997) | D36: - Anonymization: make it impossible to identify individuals. - Data minimization: reduce detail (e.g., keep only birth year instead of full DOB, postal code instead of full address). Relevant Laws - Digital Government Administration and Services Act B.E. 2562 (2019) - National ID Card Act (No. 3) B.E. 2554 (2011) - Personal Data Protection Act B.E. 2562 (2019) - Official Information Act B.E. 2540 (1997) | E36: Operational / Procedural | F36: Section 22 | G36: procedural | H36: Sec 1–29 | I36: 65 | J36: references external laws (DGA, ID Card, OIA)

Sheet pdpaCh1and2Dataset
A1: id | B1: question | C1: groundTruth_orgNeutral (SRT version for some ans) | D1: groundTruth | E1: category | F1: pdpa_sections | G1: question_type | H1: primary_scope | I1: answer_word_count | J1: quality_flags
A2: PDPA-001 | B2: What is PDPA? | C2: PDPA (Personal Data Protection Act, B.E. 2562 (2019)) is the Personal Data Protection Act B.E. 2562, which was announced in the Government Gazette on May 27, 2019. June 1, 2022 is the date that this Act comes into force in accordance with the law. | D2: PDPA (Personal Data Protection Act, B.E. 2562 (2019)) is the Personal Data Protection Act B.E. 2562, which was announced in the Government Gazette on May 27, 2019. June 1, 2022 is the date that this Act comes into force in accordance with the law. | E2: Definitions & Scope | F2: Section 1; Section 2 | G2: definition | H2: Sec 1–29 | I2: 44 | J2: effective-date phrasing imprecise
A3: PDPA-002 | B3: What is personal data? | C3: Information about an individual that enables the identification of that individual, either directly or indirectly, whereby information about the deceased and information about a legal entity are not considered personal data under this PDPA. Personal data includes first and last name, national ID number, address, telephone number, date of birth, email, education, gender, occupation, photograph, financial information. It also includes sensitive personal data, such as medical or health information, genetic and biometric information, race, political opinions, religious or philosophical beliefs, sexual behavior, criminal history, trade union information, etc. | D3: Information about an individual that enables the identification of that individual, either directly or indirectly, whereby information about the deceased and information about a legal entity are not considered personal data under this PDPA. Personal data includes first and last name, national ID number, address, telephone number, date of birth, email, education, gender, occupation, photograph, financial information. It also includes sensitive personal data, such as medical or health information, genetic and biometric information, race, political opinions, religious or philosophical beliefs, sexual behavior, criminal history, trade union information, etc. | E3: Definitions & Scope | F3: Section 6; Section 26 | G3: definition | H3: Sec 1–29 | I3: 88
A4: PDPA-003 | B4: What is a personal data protection policy? | C4: A personal data protection policy is a policy that the State Railway of Thailand sets out its practices regarding the collection, use, or disclosure of personal data. It is usually published in a document on the website to inform the staff of the State Railway of Thailand. The details in the Data Protection Policy must at least include: - Process for collecting, using, or disclosing personal data - Personal data protection officer - Process for disclosing, sending, or transferring personal data to individuals or juristic persons - Process for the rights of personal data owners - Process for maintaining the security of personal data - Roles, duties, and responsibilities | D4: A personal data protection policy is a policy that the organization sets out its practices regarding the collection, use, or disclosure of personal data. It is usually published in a document on the website to inform the staff of the organization. The details in the Data Protection Policy must at least include: - Process for collecting, using, or disclosing personal data - Personal data protection officer - Process for disclosing, sending, or transferring personal data to individuals or juristic persons - Process for the rights of personal data owners - Process for maintaining the security of personal data - Roles, duties, and responsibilities | E4: Compliance Documents | F4: Section 29 | G4: definition | H4: Sec 1–29 | I4: 109 | J4: org-specific reference
A5: PDPA-004 | B5: What is a privacy statement? | C5: Privacy Notice is an announcement that the State Railway of Thailand sets out the details of the practices regarding the collection, use or disclosure of personal data for data subjects. Most of them are published in the form of a document on the website to inform users. The details in the Privacy Notice must include at least: - What personal data is collected? - How is the personal data collected? - What are the steps involved in collecting personal data? - The purpose of the data processing. - Details of the disclosure of personal data, such as who the personal data is disclosed to. - Rights of the personal data owner - Contact information for the personal data controller and the personal data protection officer/representative. | D5: Privacy Notice is an announcement that the organization sets out the details of the practices regarding the collection, use or disclosure of personal data for data subjects. Most of them are published in the form of a document on the website to inform users. The details in the Privacy Notice must include at least: - What personal data is collected? - How is the personal data collected? - What are the steps involved in collecting personal data? - The purpose of the data processing. - Details of the disclosure of personal data, such as who the personal data is disclosed to. - Rights of the personal data owner - Contact information for the personal data controller and the personal data protection officer/representative. | E5: Compliance Documents | F5: Section 23 | G5: definition | H5: Sec 1–29 | I5: 125 | J5: org-specific reference
A6: PDPA-006 | B6: Who are the individuals involved in personal data? | C6: - Data Subject means the person to whom the data refers. - Data Controller means the person or legal entity that has the authority to “decide” regarding the collection, use or disclosure of personal data. - Data Processor means the person or legal entity that takes action regarding the collection, use or disclosure of personal data “at the direction or on behalf of the Data Controller”. However, the person or legal entity taking such action must not be a Data Controller. | D6: - Data Subject means the person to whom the data refers. - Data Controller means the person or legal entity that has the authority to “decide” regarding the collection, use or disclosure of personal data. - Data Processor means the person or legal entity that takes action regarding the collection, use or disclosure of personal data “at the direction or on behalf of the Data Controller”. However, the person or legal entity taking such action must not be a Data Controller. | E6: Roles & Actors | F6: Section 6 | G6: definition | H6: Sec 1–29 | I6: 81
A7: PDPA-007 | B7: Who are the personal data controllers and personal data processors? | C7: a personal data controller, which is a person or juristic person who has the authority to make decisions regarding the collection, use or disclosure of personal data. Data processor means a person or juristic person who performs the collection, use or disclosure of personal data as ordered by or on behalf of the personal data controller. However, such person or juristic person who performs such actions is not a personal data controller. SRT's data processor includes contractors who perform various operations for SRT, such as ticket sales service contractors, etc. | D7: a personal data controller, which is a person or juristic person who has the authority to make decisions regarding the collection, use or disclosure of personal data. Data processor means a person or juristic person who performs the collection, use or disclosure of personal data as ordered by or on behalf of the personal data controller. However, such person or juristic person who performs such actions is not a personal data controller. the organization's data processor includes contractors who perform various operations for the organization, such as ticket sales service contractors, etc. | E7: Roles & Actors | F7: Section 6 | G7: definition | H7: Sec 1–29 | I7: 90 | J7: org-specific reference
A8: PDPA-008 | B8: In what cases can personal data be collected, used or disclosed? | C8: Obtain consent from the owner of personal data (Consent basis) - Prepare historical documents or archives for public interest, conduct studies, research or compile statistics (Scientific or Research basis) - Prevent or suppress dangers to life, body or health of individuals (Vital Interest basis) - Necessary to comply with the law (Legal Obligation basis) - Necessary to comply with a contract (Contract basis) - Necessary for the legitimate interests of the personal data controller or another person (Legitimate Interest basis) - Necessary for the public interest and the exercise of state power (Public Task basis) | D8: Obtain consent from the owner of personal data (Consent basis) - Prepare historical documents or archives for public interest, conduct studies, research or compile statistics (Scientific or Research basis) - Prevent or suppress dangers to life, body or health of individuals (Vital Interest basis) - Necessary to comply with the law (Legal Obligation basis) - Necessary to comply with a contract (Contract basis) - Necessary for the legitimate interests of the personal data controller or another person (Legitimate Interest basis) - Necessary for the public interest and the exercise of state power (Public Task basis) | E8: Lawful Basis | F8: Section 24; Section 19; Section 27 | G8: list | H8: Sec 1–29 | I8: 95
A9: PDPA-009 | B9: What are the conditions for sending or transferring personal data abroad (Cross-border Personal Data Transfer)? | C9: Destination countries or international organizations receiving personal data must have adequate standards of personal data protection, unless the data subject has obtained consent, is required by law/contract, or is in the public interest. | D9: Destination countries or international organizations receiving personal data must have adequate standards of personal data protection, unless the data subject has obtained consent, is required by law/contract, or is in the public interest. | E9: Cross-border Transfer | F9: Section 28; Section 29 | G9: explanatory | H9: Sec 1–29 | I9: 33
A10: PDPA-010 | B10: What are the conditions of consent? | C10: Consent for data protection purposes must be obtained in the following ways: - Consent must be obtained prior to the processing taking place. - Consent must always be voluntary and of the choice of the data subject. - The purposes of the processing must be specific. - Consent must be explicit. - Consent must be separate from conditions and obligations. - Provide options to refuse to give consent or to withdraw consent without undue consequences. - Consent content must be understandable and easily accessible. | D10: Consent for data protection purposes must be obtained in the following ways: - Consent must be obtained prior to the processing taking place. - Consent must always be voluntary and of the choice of the data subject. - The purposes of the processing must be specific. - Consent must be explicit. - Consent must be separate from conditions and obligations. - Provide options to refuse to give consent or to withdraw consent without undue consequences. - Consent content must be understandable and easily accessible. | E10: Consent | F10: Section 19; Section 20; Section 21 | G10: list | H10: Sec 1–29 | I10: 84
A11: PDPA-014 | B11: Is it necessary to complete the Personal Data Protection Policy and Privacy Notice before the PDPA comes into effect? | C11: It should be done as quickly as possible. | D11: It should be done as quickly as possible. | E11: Operational / Procedural | F11: Section 2 | G11: yes-no | H11: Sec 1–29 | I11: 8 | J11: terse
A12: PDPA-015 | B12: What is the difference between a Privacy Notice and a Data Protection Policy? | C12: Privacy Notice is a publicly available document that communicates personal information to individuals about individuals whose personal information the SRT collects. Personal Data Protection Policy is an internal document that sets out the processes and procedures the SRT has implemented to ensure compliance with the PDPA in the processing of personal information. | D12: Privacy Notice is a publicly available document that communicates personal information to individuals about individuals whose personal information the organization collects. Personal Data Protection Policy is an internal document that sets out the processes and procedures the organization has implemented to ensure compliance with the PDPA in the processing of personal information. | E12: Compliance Documents | F12: Section 23; Section 29 | G12: explanatory | H12: Sec 1–29 | I12: 52 | J12: org-specific reference
A13: PDPA-016 | B13: Does the document informing the data owner of the collection of personal data require the signature of the data owner? | C13: The document informing the data owner about the collection of personal data does not necessarily have to be the data owner's name. The SRT should consider the document informing the data owner about the collection of personal data in the data set in the initial process before collecting personal data. | D13: The document informing the data owner about the collection of personal data does not necessarily have to be the data owner's name. the organization should consider the document informing the data owner about the collection of personal data in the data set in the initial process before collecting personal data. | E13: Compliance Documents | F13: Section 23 | G13: yes-no | H13: Sec 1–29 | I13: 50 | J13: org-specific reference
A14: PDPA-017 | B14: In the case of an external organization/agency using the facilities of my company, who will be responsible for data management? | C14: This depends on the nature of the service being provided. If the service is managed and initiated by someone, that person is responsible for the personal data. However, if the service is managed in a joint management model, the main company and the joint manager will have joint responsibility as the personal data controller and a joint control agreement will be required. | D14: This depends on the nature of the service being provided. If the service is managed and initiated by someone, that person is responsible for the personal data. However, if the service is managed in a joint management model, the main company and the joint manager will have joint responsibility as the personal data controller and a joint control agreement will be required. | E14: Roles & Actors | F14: Section 6 | G14: scenario | H14: Sec 1–29 | I14: 62 | J14: joint-controller concept (not explicit in Ch I–II text)
A15: PDPA-018 | B15: How should the company manage data collection for events such as anniversaries or parties? | C15: If the company wants to collect retrospective data for various works such as photos, positions and outstanding achievements, they can collect such data based on legitimate interests. In promoting the company, they should store permanently stored data such as lists of former employees. The company should retain personal data only as necessary and in accordance with the specified data retention period. | D15: If the company wants to collect retrospective data for various works such as photos, positions and outstanding achievements, they can collect such data based on legitimate interests. In promoting the company, they should store permanently stored data such as lists of former employees. The company should retain personal data only as necessary and in accordance with the specified data retention period. | E15: Lawful Basis | F15: Section 24(5) | G15: scenario | H15: Sec 1–29 | I15: 61 | J15: org-specific reference
A16: PDPA-019 | B16: If the company wishes to collect photographs of its employees, must it be specified in the document informing the data owner of the collection of personal information (Privacy Notice)? | C16: Must be specified. | D16: Must be specified. | E16: Compliance Documents | F16: Section 23 | G16: yes-no | H16: Sec 1–29 | I16: 3 | J16: terse
A17: PDPA-020 | B17: Is it necessary to obtain consent for the use of employee photos? | C17: Obtaining consent for the use of employee photographs may be necessary in certain circumstances. If the use is for public display or distribution purposes, then consent should be sought from the employee and the frequency of use should be specified in the privacy policy. If the use of employee photographs is for identity verification purposes, consent is not required and SRT can claim legitimate interest. | D17: Obtaining consent for the use of employee photographs may be necessary in certain circumstances. If the use is for public display or distribution purposes, then consent should be sought from the employee and the frequency of use should be specified in the privacy policy. If the use of employee photographs is for identity verification purposes, consent is not required and the organization can claim legitimate interest. | E17: Consent | F17: Section 19; Section 24(5) | G17: yes-no | H17: Sec 1–29 | I17: 65 | J17: org-specific reference
A18: PDPA-021 | B18: Is employee and executive salary information considered sensitive personal data under the PDPA? | C18: Although such information is important personal financial information, it is only Personal Data and is therefore not Sensitive Personal Data as defined by the PDPA. | D18: Although such information is important personal financial information, it is only Personal Data and is therefore not Sensitive Personal Data as defined by the PDPA. | E18: Sensitive Data | F18: Section 6; Section 26 | G18: yes-no | H18: Sec 1–29 | I18: 25
A19: PDPA-022 | B19: Are a company's name, address, and commercial or financial information personal? | C19: No, because it is not personal information, it is not protected under the PDPA, but it may be protected under other laws, such as tort or trade secret laws. | D19: No, because it is not personal information, it is not protected under the PDPA, but it may be protected under other laws, such as tort or trade secret laws. | E19: Definitions & Scope | F19: Section 6 | G19: yes-no | H19: Sec 1–29 | I19: 29
A20: PDPA-023 | B20: The company requests a medical certificate to consider approving leave for employees, such as sick leave. The medical certificate will contain health information (Sensitive Personal Data). Is it necessary to request express consent from the employee first? | C20: If it is a sick leave of three days or more: The company can require the employee to present a medical certificate. Under the Labor Protection Act, the company may collect the medical certificate without the employee's consent because it may be considered a legitimate interest of the company and necessary to comply with the law in order to achieve the objectives related to labor protection. | D20: If it is a sick leave of three days or more: The company can require the employee to present a medical certificate. Under the Labor Protection Act, the company may collect the medical certificate without the employee's consent because it may be considered a legitimate interest of the company and necessary to comply with the law in order to achieve the objectives related to labor protection. | E20: Sensitive Data | F20: Section 26(3)(c) | G20: scenario | H20: Sec 1–29 | I20: 66 | J20: relies on Labor Protection Act (external)
A21: PDPA-024 | B21: Does consent always need to be obtained when collecting personal data? | C21: It is not necessary if the Company can invoke a legitimate legal basis for collecting and processing such personal data under Sections 24 and 26 of the Personal Data Protection Act B.E. 2562. However , the Company is required to inform the data owner of the collection of data and the purpose of collection. | D21: It is not necessary if the Company can invoke a legitimate legal basis for collecting and processing such personal data under Sections 24 and 26 of the Personal Data Protection Act B.E. 2562. However , the Company is required to inform the data owner of the collection of data and the purpose of collection. | E21: Consent | F21: Section 24; Section 26 | G21: yes-no | H21: Sec 1–29 | I21: 54
A22: PDPA-026 | B22: Is it necessary to obtain consent from the occupants of the premises every time the installation of CCTV cameras for security purposes? | C22: If the CCTV camera used does not have identification technology, such as a facial recognition system, it is considered general information for which the owner of the premises can claim a legitimate interest under Section 24 (5), without the owner of the premises needing to ask for consent, but must inform those accessing the premises that CCTV is being used, by posting a notice clearly at the entrance to the premises, and the owner of the premises can use the information stored in the CCTV camera only for security purposes. However, in cases where the CCTV camera has facial recognition technology, which creates a model of a person's face for identification, such information is considered sensitive information and requires the owner's consent. | D22: If the CCTV camera used does not have identification technology, such as a facial recognition system, it is considered general information for which the owner of the premises can claim a legitimate interest under Section 24 (5), without the owner of the premises needing to ask for consent, but must inform those accessing the premises that CCTV is being used, by posting a notice clearly at the entrance to the premises, and the owner of the premises can use the information stored in the CCTV camera only for security purposes. However, in cases where the CCTV camera has facial recognition technology, which creates a model of a person's face for identification, such information is considered sensitive information and requires the owner's consent. | E22: Consent | F22: Section 24(5); Section 26 | G22: scenario | H22: Sec 1–29 | I22: 122
A23: PDPA-027 | B23: Is the information of a legal entity considered personal information? | C23: Legal entity information , such as a legal entity registration number, is not considered personal information because the Personal Data Protection Act B.E. 2562 only protects personal information of natural persons who have not yet died. | D23: Legal entity information , such as a legal entity registration number, is not considered personal information because the Personal Data Protection Act B.E. 2562 only protects personal information of natural persons who have not yet died. | E23: Definitions & Scope | F23: Section 6 | G23: yes-no | H23: Sec 1–29 | I23: 36
A24: PDPA-028 | B24: Are data about deceased persons or juristic persons considered personal data? | C24: No, they are not considered personal data under the law. | D24: No, they are not considered personal data under the law. | E24: Scope & Exclusions | F24: Section 6 | G24: yes-no | H24: Sec 1–29 | I24: 10
A25: PDPA-029 | B25: Which agency is responsible for personal data protection? | C25: The Office of the Personal Data Protection Committee (PDPC) under the Ministry of Digital Economy and Society. Contact: Tel. 02-142-1033 | Email: pdpc@mdes.go.th | D25: The Office of the Personal Data Protection Committee (PDPC) under the Ministry of Digital Economy and Society. Contact: Tel. 02-142-1033 | Email: pdpc@mdes.go.th | E25: Governance & Authority | F25: Section 8; Section 16 | G25: definition | H25: Sec 1–29 | I25: 23 | J25: contact details may change over time
A26: PDPA-030 | B26: When can personal data be used without consent? | C26: Based on legal consent Necessary for legitimate interests Necessary for public interest or exercising state authority Necessary for fulfilling a contract Required by law Preventing or suppressing danger to life, body, or health of a person | D26: Based on legal consent Necessary for legitimate interests Necessary for public interest or exercising state authority Necessary for fulfilling a contract Required by law Preventing or suppressing danger to life, body, or health of a person | E26: Lawful Basis | F26: Section 24; Section 27 | G26: list | H26: Sec 1–29 | I26: 36
A27: PDPA-031 | B27: Can a company force employees to sign consent to disclose data to outsiders? | C27: No. | D27: No. | E27: Consent | F27: Section 19 | G27: yes-no | H27: Sec 1–29 | I27: 1 | J27: terse
A28: PDPA-033 | B28: Can one agency request personal data from another? | C28: Normally, data must be collected from the data subject directly, except when: - The subject has been informed and consented. - Data can be collected without consent in cases such as: - For historical/archival records or public interest research/statistics. - To prevent danger to life/health. - To perform contractual obligations. - To perform public duties or state authority. - For legitimate interests of the data controller. - To comply with the law. For sensitive data (race, political opinion, religion, sexual behavior, criminal records, health, disability, union membership, genetics, biometrics), collection without consent is allowed if: - To prevent danger to life/health. - For lawful activities with proper safeguards. - Data made public with explicit consent. - To establish legal claims. - Necessary to comply with law (e.g., preventive medicine, public health, labor protection, insurance, research, or important public interest). | D28: Normally, data must be collected from the data subject directly, except when: - The subject has been informed and consented. - Data can be collected without consent in cases such as: - For historical/archival records or public interest research/statistics. - To prevent danger to life/health. - To perform contractual obligations. - To perform public duties or state authority. - For legitimate interests of the data controller. - To comply with the law. For sensitive data (race, political opinion, religion, sexual behavior, criminal records, health, disability, union membership, genetics, biometrics), collection without consent is allowed if: - To prevent danger to life/health. - For lawful activities with proper safeguards. - Data made public with explicit consent. - To establish legal claims. - Necessary to comply with law (e.g., preventive medicine, public health, labor protection, insurance, research, or important public interest). | E28: Lawful Basis | F28: Section 25; Section 24; Section 26 | G28: list | H28: Sec 1–29 | I28: 139
A29: PDPA-034 | B29: How to request personal data from another agency? | C29: Submit a formal request letter citing PDPA Sections 24, 25, 26. | D29: Submit a formal request letter citing PDPA Sections 24, 25, 26. | E29: Operational / Procedural | F29: Section 25 | G29: procedural | H29: Sec 1–29 | I29: 11 | J29: terse / operational guidance
A30: PDPA-035 | B30: How to prepare personal data for public disclosure? | C30: - Anonymization: make it impossible to identify individuals. - Data minimization: reduce detail (e.g., keep only birth year instead of full DOB, postal code instead of full address). Relevant Laws - Digital Government Administration and Services Act B.E. 2562 (2019) - National ID Card Act (No. 3) B.E. 2554 (2011) - Personal Data Protection Act B.E. 2562 (2019) - Official Information Act B.E. 2540 (1997) | D30: - Anonymization: make it impossible to identify individuals. - Data minimization: reduce detail (e.g., keep only birth year instead of full DOB, postal code instead of full address). Relevant Laws - Digital Government Administration and Services Act B.E. 2562 (2019) - National ID Card Act (No. 3) B.E. 2554 (2011) - Personal Data Protection Act B.E. 2562 (2019) - Official Information Act B.E. 2540 (1997) | E30: Operational / Procedural | F30: Section 22 | G30: procedural | H30: Sec 1–29 | I30: 65 | J30: references external laws (DGA, ID Card, OIA)

Sheet Quality Report
A1: PDPA QA Dataset — Quality Summary
A2: Total question/answer pairs | B2: =COUNTA(Dataset!A2:A36) -> 35 | E2: 29
A4: By Category | B4: Count | D4: By Category | E4: Count
A5: Compliance Documents | B5: =COUNTIF(Dataset!E2:E36,A5) -> 7 | D5: Compliance Documents | E5: =B5-2 -> 5
A6: Consent | B6: =COUNTIF(Dataset!E2:E36,A6) -> 5 | D6: Consent | E6: =B6 -> 5
A7: Cross-border Transfer | B7: =COUNTIF(Dataset!E2:E36,A7) -> 1 | D7: Cross-border Transfer | E7: =B7 -> 1
A8: Data Subject Rights | B8: =COUNTIF(Dataset!E2:E36,A8) -> 1 | D8: Data Subject Rights | E8: =B8 -> 1
A9: Definitions & Scope | B9: =COUNTIF(Dataset!E2:E36,A9) -> 4 | D9: Definitions & Scope | E9: =B9-1 -> 3
A10: Governance & Authority | B10: =COUNTIF(Dataset!E2:E36,A10) -> 2 | D10: Governance & Authority | E10: =B10-1 -> 1
A11: Lawful Basis | B11: =COUNTIF(Dataset!E2:E36,A11) -> 4 | D11: Lawful Basis | E11: =B11 -> 4
A12: Operational / Procedural | B12: =COUNTIF(Dataset!E2:E36,A12) -> 4 | D12: Operational / Procedural | E12: =B12-1 -> 3
A13: Roles & Actors | B13: =COUNTIF(Dataset!E2:E36,A13) -> 3 | D13: Roles & Actors | E13: =B13 -> 3
A14: Scope & Exclusions | B14: =COUNTIF(Dataset!E2:E36,A14) -> 2 | D14: Scope & Exclusions | E14: =B14-1 -> 1
A15: Sensitive Data | B15: =COUNTIF(Dataset!E2:E36,A15) -> 2 | D15: Sensitive Data | E15: =B15 -> 2
A17: By Question Type | B17: Count | D17: By Question Type | E17: Count
A18: definition | B18: =COUNTIF(Dataset!G2:G36,A18) -> 7 | D18: definition | E18: =B18 -> 7
A19: explanatory | B19: =COUNTIF(Dataset!G2:G36,A19) -> 5 | D19: explanatory | E19: =B19-3 -> 2
A20: list | B20: =COUNTIF(Dataset!G2:G36,A20) -> 5 | D20: list | E20: =B20-1 -> 4
A21: procedural | B21: =COUNTIF(Dataset!G2:G36,A21) -> 3 | D21: procedural | E21: =B21-1 -> 2
A22: scenario | B22: =COUNTIF(Dataset!G2:G36,A22) -> 4 | D22: scenario | E22: =B22 -> 4
A23: yes-no | B23: =COUNTIF(Dataset!G2:G36,A23) -> 11 | D23: yes-no | E23: =B23-1 -> 10
A25: By Primary Scope | B25: Count | D25: By Primary Scope | E25: Count
A26: Sec 1–29 | B26: =COUNTIF(Dataset!H2:H36,A26) -> 29 | D26: Sec 1–29 | E26: =B26 -> 29
A27: Beyond Ch I–II | B27: =COUNTIF(Dataset!H2:H36,A27) -> 5
A28: Out of PDPA scope | B28: =COUNTIF(Dataset!H2:H36,A28) -> 1
A30: Quality checks | B30: Count | D30: Quality checks | E30: Count
A31: Rows with a quality flag | B31: =COUNTIF(Dataset!J2:J36,"?*") -> 22 | D31: Rows with a quality flag | E31: 16
A32: Org-specific references | B32: =COUNTIF(Dataset!J2:J36,"*org-specific*") -> 8 | D32: Org-specific references | E32: =B32-1 -> 7
A33: Answers shorter than 8 words | B33: =COUNTIF(Dataset!I2:I36,"<8") -> 2 | D33: Answers shorter than 8 words | E33: 2

Sheet note
A1: remove Out of Scope | B1: Rows to remove: 6, 12, 13, 14, 26 ("Beyond Ch I–II") and 33 ("Out of PDPA scope").
